2.61E+12,宮津武田病院,ミヤヅタケダビョウイン,,,1,26,205,京都府宮津市字鶴賀２０５９番地の１,35.536385,135.198288,https://www.takedahp.or.jp/group/medical/miyazu/,1,1,1,1,1,1,0,1,1,1,1,1,1,0,1,1,1,1,1,1,0,1,1,1,1,1,1,0,1,1,1,1,1,1,0,1,1,1,1,1,1,0,0,01月01日，01月02日，01月03日，12月30日，12月31日,64,0,0,0,0,0,0,64
2.61E+12,京丹後市立弥栄病院,キョウタンゴシリツヤサカビョウイン,,,1,26,212,京都府京丹後市弥栄町溝谷３４５２番地の１,35.658342,135.090791,https://www.city.kyotango.lg.jp/yasaka_hospital/index.html,1,1,1,1,1,0,0,1,1,1,1,1,1,1,1,1,1,1,1,1,1,1,1,1,1,1,1,1,1,1,1,1,1,1,1,1,1,1,1,1,1,1,0,01月01日，01月02日，01月03日，12月29日，12月30日，12月31日,199,0,,0,0,0,0,199
2.61E+12,公益財団法人　丹後中央病院,コウエキザイダンホウジン　タンゴチュウオウビョウイン,,,1,26,212,京都府京丹後市峰山町杉谷１５８番地の１,35.626651,135.060378,https://www.tangohp.com/,1,1,1,1,1,1,0,1,1,1,1,1,0,1,1,1,1,1,1,1,1,1,1,1,1,1,0,1,1,1,1,1,1,1,1,1,1,1,1,1,0,1,0,01月01日，01月02日，01月03日，12月30日，12月31日,256,50,,0,0,0,0,306
2.61E+12,医療法人　綾冨士会　綾部ルネス病院,イリョウホウジン　アヤフジカイ　アヤベルネスビョウイン,,イリョウホウジンアヤフジカイ　アヤベルネスビョウイン,1,26,203,京都府綾部市大島町二反田７番地の１６,35.30291,135.230851,http://www.a-renaiss.jp/,1,1,1,1,1,1,0,1,1,1,1,1,1,1,1,1,1,1,1,1,1,1,1,1,1,1,1,1,1,1,1,1,1,1,1,1,1,1,1,1,1,1,0,01月01日，01月02日，01月03日，12月29日，12月30日，12月31日,86,,,,,,,86
2.61E+12,綾部市立病院,アヤベシリツビョウイン,,,1,26,203,京都府綾部市青野町大塚２０番地の１,35.307133,135.254877,http://www.ayabe-hsp.or.jp/,1,1,1,1,1,0,0,1,1,1,1,1,1,1,1,1,1,1,1,1,1,1,1,1,1,1,1,1,1,1,1,1,1,1,1,1,1,1,1,1,1,1,0,01月01日，01月02日，01月03日，08月14日，12月29日，12月30日，12月31日,206,0,,0,0,0,0,206
2.61E+12,公益社団法人　京都保健会　京都協立病院,コウエキシャダンホウジン　キョウトホケンカイ　キョウトキョウリツビョウイン,,,1,26,203,京都府綾部市高津町三反田１番地,35.304326,135.204826,http://www.kyoto-kyoritsu.org/,,,,,,,0,,,,,,,,,,,,,,,,,,,,,,,,,,,,,,,,,,,,0,01月01日，01月02日，01月03日，12月29日，12月30日，12月31日,52,47,,,,,,99
2.61E+12,医療法人岸本病院,イリョウホウジンキシモトビョウイン,,,1,26,202,京都府舞鶴市字浜１１３１番地,35.470201,135.393636,http://www.kisimoto-hp.jp/,1,1,1,1,1,1,0,1,1,1,1,1,1,0,1,1,1,1,1,1,0,1,1,1,1,1,1,0,1,1,1,1,1,1,0,1,1,1,1,1,1,0,0,01月01日，01月02日，01月03日，08月14日，08月15日，12月31日,,40,40,,,,,
2.61E+12,国家公務員共済組合連合会　舞鶴共済病院,コッカコウムインキョウサイクミアイレンゴウカイ　マイヅルキョウサイビョウイン,,,1,26,202,京都府舞鶴市字浜１０３５番地,35.469368,135.391497,https://maizuru.kkr.or.jp/,1,1,1,1,1,0,0,1,1,1,1,1,1,1,1,1,1,1,1,1,1,1,1,1,1,1,1,1,1,1,1,1,1,1,1,1,1,1,1,1,1,1,0,01月01日，01月02日，01月03日，12月29日，12月30日，12月31日,250,,,,,,,250
2.61E+12,市立舞鶴市民病院,シリツマイヅルシミンビョウイン,舞鶴市民病院,マイヅルシミンビョウイン,1,26,202,京都府舞鶴市字倉谷１３５０番地の１１,35.444453,135.338697,https://www.city.maizuru.kyoto.jp/kurashi/0000004346.html,1,1,1,1,1,0,0,1,1,1,1,1,1,1,1,1,1,1,1,1,1,1,1,1,1,1,1,1,1,1,1,1,1,1,1,1,1,1,1,1,1,1,0,01月01日，01月02日，01月03日，12月29日，12月30日，12月31日,0,100,,0,0,0,0,
2.61E+12,医療法人医誠会東舞鶴医誠会病院,イリョウホウジンイセイカイヒガシマイヅルイセイカイビョウイン,,,1,26,202,京都府舞鶴市字大字大波下小字前田７６５番１６,35.502642,135.398745,http://www.higashimaizuruhp.or.jp/,1,1,1,1,1,0,0,1,1,1,1,1,0,0,1,1,1,1,1,0,0,1,1,1,1,1,0,0,1,1,1,1,1,0,0,1,1,1,1,1,0,0,0,01月01日，01月02日，01月03日，12月29日，12月30日，12月31日,,,,,255,,,255
2.61E+12,京都府立舞鶴こども療育センター,キョウトフリツマイヅルコドモリョウイクセンター,,キョウトフリツマイヅルコドモリョウイクセンター,1,26,202,京都府舞鶴市字行永２４１０番地３７,35.462174,135.402385,http://maizuru-ryouiku.jp/,1,1,1,1,1,0,0,1,1,1,1,1,1,1,1,1,1,1,1,1,1,1,1,1,1,1,1,1,1,1,1,1,1,1,1,1,1,1,1,1,1,1,0,01月01日，01月02日，01月03日，12月01日，12月29日，12月30日，12月31日,35,,,,,,,
2.61E+12,舞鶴赤十字病院,マイヅルセキジュウジビョウイン,,,1,26,202,京都府舞鶴市字倉谷４２７,35.444453,135.337308,https://maizuru.jrc.or.jp/,1,1,1,1,1,0,0,,,,,,,,,,,,,,,,,,,,,,,,,,,,,,,,,,,,0,01月01日，01月02日，01月03日，06月01日，12月29日，12月30日，12月31日,198,0,,0,0,0,0,198
2.61E+12,医療法人　　福知会　　もみじヶ丘病院,イリョウホウジン　フクチカイ　　モミジガオカビョウイン,,,1,26,201,京都府福知山市荒木３３７４,35.271301,135.124473,http://www.fukuchikai.or.jp/,1,1,1,1,1,1,0,1,1,1,1,1,1,1,1,1,1,1,1,1,1,1,1,1,1,1,1,1,1,1,1,1,1,1,1,1,1,1,1,1,1,1,0,01月01日，01月02日，01月03日，12月29日，12月30日，12月31日,,,,,380,,,
2.61E+12,市立福知山市民病院大江分院,シリツフクチヤマシミンビョウインオオエブンイン,,,1,26,201,京都府福知山市大江町河守１８０番地,35.392871,135.148187,http://www.fukuchiyama-hosp.jp/ooebunin/ooebranch.htm,1,1,1,1,1,0,0,1,1,1,1,1,1,1,1,1,1,1,1,1,1,1,1,1,1,1,1,1,1,1,1,1,1,1,1,1,1,1,1,1,1,1,0,01月01日，01月02日，01月03日，12月29日，12月30日，12月31日,,52,,,,,,
2.61E+12,医療法人　福冨士会　京都ルネス病院,イリョウホウジンフクフジカイ　　キョウトルネスビョウイン,京都ルネス病院,イリョウホウジン　フクフジカイ　キョウトルネスビョウイン,1,26,201,京都府福知山市末広町４丁目１３番地,35.299964,135.118361,http://www.renaiss.jp/,1,1,1,1,1,1,0,1,1,1,1,1,1,0,1,1,1,1,1,1,0,1,1,1,1,1,1,0,1,1,1,1,1,1,0,1,1,1,1,1,1,0,0,01月01日，01月02日，01月03日，12月29日，12月30日，12月31日,171,0,0,0,0,0,0,171
2.61E+12,市立福知山市民病院,シリツフクチヤマシミンビョウイン,,,1,26,201,京都府福知山市厚中町２３１番地,35.303797,135.111417,https://www.city.fukuchiyama.lg.jp/site/hosp/,1,1,1,1,1,0,0,1,1,1,1,1,1,1,1,1,1,1,1,1,1,1,1,1,1,1,1,1,1,1,1,1,1,1,1,1,1,1,1,1,1,1,0,01月01日，01月02日，01月03日，12月29日，12月30日，12月31日,344,,,,,5,4,353
2.61E+12,医療法人　静寿会　渡辺病院,イリョウホウジン　セイジュカイ　ワタナベビョウイン,渡辺病院,ワタナベビョウイン,1,26,201,京都府福知山市字牧１６１６番地１,35.332516,135.096306,http://www.seijukai-watanabehp.jp/,1,1,1,1,1,0,0,1,1,1,1,1,0,0,1,1,1,1,1,0,0,1,1,1,1,1,0,0,1,1,1,1,1,0,0,1,1,1,1,1,0,0,0,01月01日，01月02日，01月03日，12月30日，12月31日,,96,,0,,,,96
2.61E+12,亀岡市立病院,カメオカシリツビョウイン,,,1,26,206,京都府亀岡市篠町篠野田１番地１,35.007254,135.604862,http://www.city.kameoka.kyoto.jp/hospital/,1,1,1,1,1,0,0,1,1,1,1,1,1,1,1,1,1,1,1,1,1,1,1,1,1,1,1,1,1,1,1,1,1,1,1,1,1,1,1,1,1,1,0,01月01日，01月02日，01月03日，12月29日，12月30日，12月31日,100,,,,,,,100
2.61E+12,医療法人　睦会　ムツミ医院,イリョウホウジン　ムツミカイ　ムツミイイン,,,1,26,206,京都府亀岡市下矢田町君塚８,35.002004,135.577725,https://www.mutsumi-hospital.com/,1,1,1,1,1,1,0,1,1,1,1,1,1,1,1,1,1,1,1,1,1,1,1,1,1,1,1,1,1,1,1,1,1,1,1,1,1,1,1,1,1,1,0,01月01日，01月02日，01月03日，12月30日，12月31日,0,0,,0,0,0,0,
2.61E+12,京都中部総合医療センター,キョウトチュウブソウゴウイリョウセンター,,,1,26,213,京都府南丹市八木町八木上野２５番地,35.071107,135.530587,http://www.kyoto-chubumedc.or.jp/,1,1,1,1,1,0,0,1,1,1,1,1,0,0,1,1,1,1,1,0,0,1,1,1,1,1,0,0,1,1,1,1,1,0,0,1,1,1,1,1,0,0,0,01月01日，01月02日，01月03日，12月29日，12月30日，12月31日,450,,,,,10,4,464
2.61E+12,医療法人社団　菫会　園部病院,イリョウホウジンシャダンスミレカイ　ソノベビョウイン,,,1,26,213,京都府南丹市園部町美園町５号８番地７,35.108796,135.474035,http://www.myclinic.ne.jp./sonobetani/pc/index.html,1,1,1,1,1,1,1,1,1,1,1,1,1,1,1,1,1,1,1,1,1,1,1,1,1,1,1,1,1,1,1,1,1,1,1,1,1,1,1,1,1,1,1,,60,,,,,,,60
2.61E+12,医療法人　亀岡病院,イリョウホウジン　カメオカビョウイン,,,1,26,206,京都府亀岡市古世町三丁目２１番１号,35.010003,135.581169,https://kameokahp.com/,1,1,1,1,1,0,0,1,1,1,1,1,1,1,1,1,1,1,1,1,1,1,1,1,1,1,1,1,1,1,1,1,1,1,1,1,1,1,1,1,1,1,0,01月01日，01月02日，01月03日，04月17日，08月14日，12月29日、12月30日，12月31日,108,,,,,,,108
2.61E+12,医療法人清仁会　亀岡シミズ病院,イリョウホウジンセイジンカイ　カメオカシミズビョウイン,,,1,26,206,京都府亀岡市篠町広田１丁目３２の１５号,35.00334,135.595468,http://www.shimizu-hospital.or.jp/,1,1,1,1,1,1,0,1,1,1,1,1,1,1,1,1,1,1,1,1,1,1,1,1,1,1,1,1,1,1,1,1,1,1,1,1,1,1,1,1,1,1,0,01月01日，01月02日，01月03日，12月30日，12月31日,132,45,45,,,,,177
2.61E+12,重症心身障害児施設　花ノ木医療福祉センター,ジュウショウシンシンショウガイジシセツ　ハナノキイリョウフクシセンター,,,1,26,206,京都府亀岡市大井町小金岐北浦３７番地１,35.04136,135.542115,https://kyoto-hananoki.jp/,1,1,1,1,1,1,0,1,1,1,1,1,1,1,1,1,1,1,1,1,1,1,1,1,1,1,1,1,1,1,1,1,1,1,1,1,1,1,1,1,1,1,0,01月01日，01月02日，01月03日，12月29日，12月30日，12月31日,152,,,,,,,
2.61E+12,国保京丹波町病院,コクホキョウタンバチョウビョウイン,,,1,26,407,京都府船井郡京丹波町和田大下２８番地,35.180954,135.373262,http://www.kyotamba-hospital.jp/,1,1,1,1,1,1,0,1,1,1,1,1,1,1,1,1,1,1,1,1,1,1,1,1,1,1,1,1,1,1,1,1,1,1,1,1,1,1,1,1,1,1,0,01月01日，01月02日，01月03日，12月29日，12月30日，12月31日,47,0,,0,0,0,0,47
2.61E+12,一般財団法人長岡記念財団　長岡病院,イッパンザイダンホウジンナガオカキネンザイダンナガオカビョウイン,,,1,26,209,京都府長岡京市友岡４丁目１８番１号,34.91396,135.689942,http://www.nagaoka.or.jp/healthcare/,1,1,1,1,1,1,0,1,1,1,1,1,1,0,1,1,1,1,1,1,0,1,1,1,1,1,1,0,1,1,1,1,1,1,0,1,1,1,1,1,1,0,0,01月01日，01月02日，01月03日，12月30日，12月31日,,,,,388,,,388
2.61E+12,社会福祉法人恩賜財団京都府済生会　京都済生会病院,シャカイフクシホウジンオンシザイダンキョウトフサイセイカイ　キョウトサイセイカイビョウイン,,,1,26,209,京都府長岡京市下海印寺下内田１０１番地,34.916071,135.686609,https://www.kyoto.saiseikai.or.jp/,1,1,1,1,1,0,0,1,1,1,1,1,1,1,1,1,1,1,1,1,1,1,1,1,1,1,1,1,1,1,1,1,1,1,1,1,1,1,1,1,1,1,0,01月01日，01月02日，01月03日，12月29日，12月30日，12月31日,288,,,,,,,288
2.61E+12,医療法人総心会　　長岡京病院,イリョウホウジンソウシンカイ　　ナガオカキョウビョウイン,,,1,26,209,京都府長岡京市天神１丁目２０番１０号,34.922876,135.690331,http://nagaokakyo-hospital.or.jp/,1,1,1,1,1,1,0,1,1,1,1,1,1,1,1,1,1,1,1,1,1,1,1,1,1,1,1,1,1,1,1,1,1,1,1,1,1,1,1,1,1,1,0,01月01日，01月02日，01月03日，12月30日，12月31日,97,,,,,,,
2.61E+12,医療法人　真生会　向日回生病院,イリョウホウジンシンセイカイ　ムコウカイセイビョウイン,,,1,26,208,京都府向日市物集女町中海道９２番地の１２,34.962205,135.691245,http://shinseikai.jpn.com/,1,1,1,1,1,1,0,1,1,1,1,1,1,1,1,1,1,1,1,1,1,1,1,1,1,1,1,1,1,1,1,1,1,1,1,1,1,1,1,1,1,1,0,01月01日，01月02日，01月03日，12月30日，12月31日,110,48,48,,,,,158
2.61E+12,医療法人社団　千春会　千春会病院,イリョウホウジンシャダン　センシュンカイ　センシュンカイビョウイン,,,1,26,209,京都府長岡京市開田２丁目１４番２６号,34.923876,135.698274,http://www.senshunkai.or.jp/,1,1,1,1,1,1,0,1,1,1,1,1,1,0,1,1,1,1,1,1,0,1,1,1,1,1,1,0,1,1,1,1,1,1,0,1,1,1,1,1,1,0,0,01月02日，01月03日，12月30日，12月31日,60,,,,,,,60
2.61E+12,一般財団法人療道協会西山病院,イッパンザイダンホウジン　リョウドウキョウカイ　ニシヤマビョウイン,,,1,26,209,京都府長岡京市今里５－１－１,34.935319,135.687664,http://www.nishiyama-hospital.or.jp/,1,1,1,1,1,1,0,1,1,1,1,1,1,1,1,1,1,1,1,1,1,1,1,1,1,1,1,1,1,1,1,1,1,1,1,1,1,1,1,1,1,1,0,01月01日，01月02日，01月03日，05月01日，12月29日，12月30日，12月31日,,,,,287,,,287
2.61E+12,京都第二赤十字病院,キョウトダイニセキジュウジビョウイン,,,1,26,102,京都府京都市上京区釜座通丸太町上ル春帯町３５５番地の５,35.018978,135.756099,https://www.kyoto2.jrc.or.jp/,1,1,1,1,1,0,0,1,1,1,1,1,1,1,1,1,1,1,1,1,1,1,1,1,1,1,1,1,1,1,1,1,1,1,1,1,1,1,1,1,1,1,0,01月01日，01月02日，01月03日，05月01日，12月29日，12月30日，12月31日,667,0,0,0,0,0,0,667
2.61E+12,室町病院,ムロマチビョウイン,,,1,26,102,京都府京都市上京区室町通上立売下る裏築地町８８,35.031115,135.758126,http://www.muromachi.or.jp/,1,1,1,1,1,1,0,1,1,1,1,1,1,0,1,1,1,1,1,1,0,1,1,1,1,1,1,0,1,1,1,1,1,1,0,1,1,1,1,1,1,0,0,01月01日，01月02日，01月03日，12月31日，12月30日,50,,,,,,,50
2.61E+12,社会医療法人　西陣健康会　堀川病院,シャカイイリョウホウジン　ニシジンケンコウカイ　ホリカワビョウイン,,,1,26,102,京都府京都市上京区堀川通今出川上る北舟橋町８６５,35.030504,135.752626,http://www.horikawa-hp.or.jp/,1,1,1,1,1,1,0,1,1,1,1,1,1,1,1,1,1,1,1,1,1,1,1,1,1,1,1,1,1,1,1,1,1,1,1,1,1,1,1,1,1,1,0,01月01日，01月02日，01月03日，08月16日，12月30日，12月31日,198,,,,,,,198
2.61E+12,医療法人　相馬病院,イリョウホウジン　ソウマビョウイン,,,1,26,102,京都府京都市上京区御前通今小路下ル南馬喰町９１１番地,35.027782,135.736822,https://www.sohma-hp.or.jp/,1,1,1,1,1,1,0,1,1,1,1,1,1,1,1,1,1,1,1,1,1,1,1,1,1,1,1,1,1,1,1,1,1,1,1,1,1,1,1,1,1,1,0,01月01日，01月02日，01月03日，12月30日，12月31日,130,0,0,0,0,0,0,130
2.61E+12,京都府立医科大学附属病院,キョウトフリツイカダイガクフゾクビョウイン,,,1,26,102,京都府京都市上京区河原町通広小路上る梶井町４６５,35.024116,135.770153,http://www.h.kpu-m.ac.jp/,1,1,1,1,1,0,0,1,1,1,1,1,1,1,1,1,1,1,1,1,1,1,1,1,1,1,1,1,1,1,1,1,1,1,1,1,1,1,1,1,1,1,0,01月01日，01月02日，01月03日，12月29日，12月30日，12月31日,893,,,,118,54,,1065
2.61E+12,社会福祉法人京都社会事業財団　西陣病院,シャカイフクシホウジンキョウトシャカイジギョウザイダン　ニシジンビョウイン,,,1,26,102,京都府京都市上京区五辻通六軒町西入溝前町１０３５,35.032865,135.739127,https://www.nishijinhp.com/,1,1,1,1,1,1,0,1,1,1,1,1,1,0,1,1,1,1,1,1,0,1,1,1,1,1,1,0,1,1,1,1,1,1,0,1,1,1,1,1,1,0,0,01月01日，01月02日，01月03日，12月29日，12月30日，12月31日,300,,,,,,,300
2.61E+12,医療法人愛寿会同仁病院,イリョウホウジンアイジュカイドウジンビョウイン,,,1,26,102,京都府京都市上京区一条通新町東入東日野殿町３９４－１,35.026394,135.757293,http://www.dohjin-hp.com/,1,1,1,1,1,1,0,1,1,1,1,1,1,0,1,1,1,1,1,1,0,1,1,1,1,1,1,0,1,1,1,1,1,1,0,1,1,1,1,1,1,0,0,01月01日，01月02日，01月03日，12月30日，12月31日,39,60,,60,,,,99
2.61E+12,医療法人明生会　賀茂病院,イリョウホウジンメイセイカイカモビョウイン,,,1,26,101,京都府京都市北区東栗栖町４３,35.04903,135.745181,http://www.kamo-hp.or.jp/,1,1,1,1,1,1,0,1,1,1,1,1,1,0,1,1,1,1,1,1,0,1,1,1,1,1,1,0,1,1,1,1,1,1,0,1,1,1,1,1,1,0,0,12月30日午後～翌年1月3日まで休診,34,25,25,,,,,59
2.61E+12,社会福祉法人　聖ヨゼフ会　肢体不自由児・重症心身障害児施設　聖ヨゼフ医療福祉センター,シャカイフクシホウジン　セイヨゼフカイ　シタイフジユウジ・ジュウショウシンシンショウガイジシセツ　セイヨゼフイリョウフクシセンター,,,1,26,101,京都府京都市北区東紅梅町　６－１,35.029115,135.732072,http://www.joseph-kyoto.com/,1,1,1,1,1,1,0,1,1,1,1,1,1,1,1,1,1,1,1,1,1,1,1,1,1,1,1,0,1,1,1,1,1,1,1,1,1,1,1,1,1,0,0,01月01日，01月02日，01月03日，12月29日，12月30日，12月31日,81,44,,,,,,
2.61E+12,医療法人　浜田会　　洛北病院,イリョウホウジン　ハマダカイ　　ラクホクビョウイン,,イリョウホウジン　ハマダカイ　ラクホクビョウイン,1,26,101,京都府京都市北区上賀茂神山６番地,35.076305,135.76454,,1,1,1,1,1,0,0,1,1,1,1,1,0,0,1,1,1,1,1,0,0,1,1,1,1,1,0,0,1,1,1,1,1,0,0,1,1,1,1,1,0,0,0,01月01日，01月02日，01月03日，12月30日，12月31日,,80,80,,,,,80
2.61E+12,冨田病院,トミタビョウイン,,トミタビョウイン,1,26,101,京都府京都市北区小山下内河原町５６,35.044892,135.760791,http://www.kyoto-hakuaikai.or.jp/,1,1,1,1,1,1,0,1,1,1,1,1,1,1,1,1,1,1,1,1,1,1,1,1,1,1,1,1,1,1,1,1,1,1,1,1,1,1,1,1,1,1,0,01月01日，01月02日，01月03日，12月30日，12月31日,99,,,,,,,99
2.61E+12,一般財団法人　薬師山病院,イッパンザイダンホウジン　ヤクシヤマビョウイン,薬師山病院,ヤクシヤマビョウイン,1,26,101,京都府京都市北区大宮薬師山西町１５番地,35.058029,135.737987,https://www.juzenkai.or.jp/yakushiyama,1,1,1,1,1,0,0,1,1,1,1,1,1,1,1,1,1,1,1,1,1,1,1,1,1,1,1,1,1,1,1,1,1,1,1,1,1,1,1,1,1,1,0,01月01日，01月02日，01月03日，12月30日，12月31日,70,,,,,,,70
2.61E+12,社会福祉法人京都博愛会　　京都博愛会病院,シャカイフクシホウジンキョウトハクアイカイ　　キョウトハクアイカイビョウイン,,,1,26,101,京都府京都市北区上賀茂ケシ山１番地,35.060362,135.771873,https://www.kyoto-hakuaikai.or.jp/hakuai/,1,1,1,1,1,1,0,1,1,1,1,1,1,0,1,1,1,1,1,1,0,1,1,1,1,1,1,0,1,1,1,1,1,1,0,1,1,1,1,1,1,0,0,01月01日，01月02日，01月03日，12月30日，12月31日,150,54,,,186,,,390
2.61E+12,三菱京都病院,ミツビシキョウトビョウイン,,,1,26,111,京都府京都市西京区桂御所町１番地,34.987758,135.701438,http://www.mitsubishi-hp.jp/,1,1,1,1,1,0,0,1,1,1,1,1,1,1,1,1,1,1,1,1,1,1,1,1,1,1,1,1,1,1,1,1,1,1,1,1,1,1,1,1,1,1,0,01月01日，01月02日，01月03日，08月16日，08月17日，12月31日,188,,,,,,,
2.61E+12,医療法人倖生会　身原病院,イリョウホウジンコウセイカイ　ミハラビョウイン,,,1,26,111,京都府京都市西京区上桂宮ノ後町６－８,34.990785,135.696327,https://mihara.com/,1,1,1,1,1,1,0,1,1,1,1,1,1,1,1,1,1,1,1,1,1,1,1,1,1,1,1,1,1,1,1,1,1,1,1,1,1,1,1,1,1,1,0,01月01日，01月02日，01月03日，12月31日,29,,,,,,,29
2.61E+12,医療法人清仁会　洛西ニュータウン病院,イリョウホウジンセイジンカイ　ラクサイニュータウンビョウイン,洛西ニュータウン病院,ラクサイニュータウンビョウイン,1,26,111,京都府京都市西京区大枝東新林町３丁目６番地,34.96701,135.673691,https://www.shimizu-hospital.or.jp/newtown/,1,1,1,1,1,1,0,1,1,1,1,1,1,0,1,1,1,1,1,0,0,1,1,1,1,1,1,0,1,1,1,1,1,0,0,1,1,1,1,1,1,0,0,01月01日，01月02日，01月03日，3月20日、４月29日、5月３日、5月4日、5月5日、5月6日、7月21日、8月11日、9月15日、9月23日、10月13日、11月3日、11月24日、12月30日，12月31日,138,46,46,,,,,184
2.61E+12,医療法人京都翔医会　西京都病院,イリョウホウジン　キョウトショウイカイ　ニシキョウトビョウイン,,,1,26,111,京都府京都市西京区桂畑ケ田町１７５番地,34.99197,135.70388,http://www.hospynkh.jp/,1,1,1,1,1,1,0,1,1,1,1,1,1,0,1,1,1,1,1,1,0,1,1,1,1,1,1,0,1,1,1,1,1,1,0,1,1,1,1,1,1,0,0,01月01日，01月02日，01月03日，12月31日,199,0,,0,0,0,0,199
2.61E+12,社会福祉法人　京都社会事業財団　京都桂病院,シャカイフクシホウジン　キョウトシャカイジギョウザイダン　キョウトカツラビョウイン,,,1,26,111,京都府京都市西京区山田平尾町１７番地,34.981953,135.687134,http://www.katsura.com,1,1,1,1,1,0,0,1,1,1,1,1,1,1,1,1,1,1,1,1,1,1,1,1,1,1,1,1,1,1,1,1,1,1,1,1,1,1,1,1,1,1,0,年末年始（12月29日、12月30日、12月31日、1月1日、1月2日、1月3日）,545,,,,,6,,551
2.61E+12,医療法人清仁会　シミズ病院,イリョウホウジンセイジンカイ　シミズビョウイン,,,1,26,111,京都府京都市西京区山田中吉見町１１番地２,34.981711,135.6928,http://www.shimizu-hospital.or.jp/,1,1,1,1,1,1,0,1,1,1,1,1,1,0,1,1,1,1,1,1,0,1,1,1,1,1,1,0,1,1,1,1,1,1,0,1,1,1,1,1,1,0,0,01月01日，01月02日，01月03日，12月30日，12月31日,139,,,,,,,139
2.61E+12,医療法人　清仁会　洛西シミズ病院,イリョウホウジン　セイジンカイ　ラクサイシミズビョウイン,,,1,26,111,京都府京都市西京区大枝沓掛町１３－１０７,34.975175,135.665636,http://www.shimizu-hospital.or.jp/,1,1,1,1,1,1,0,1,1,1,1,1,1,0,1,1,1,1,1,1,0,1,1,1,1,1,1,0,1,1,1,1,1,1,0,1,1,1,1,1,1,0,0,"01月01日，01月02日，01月03日,05月03日、05月04日、05月05日、12月30日、12月31日",215,,,,,,,215
2.61E+12,京都九条病院,キョウトクジョウビョウイン,,,1,26,107,京都府京都市南区唐橋羅城門町１０,34.978426,135.741129,http://www.dojinkai.com/,1,1,1,1,1,1,0,1,1,1,1,1,1,0,1,1,1,1,1,1,0,1,1,1,1,1,1,0,1,1,1,1,1,1,0,1,1,1,1,1,1,0,0,,207,,,,,,,207
2.61E+12,公益社団法人京都保健会　吉祥院病院,コウエキシャダンホウジンキョウトホケンカイ　キッショウインビョウイン,,,1,26,107,京都府京都市南区吉祥院井ノ口町４３,34.976343,135.732908,http://www.kissyouin-hp.org/,1,1,1,1,1,1,0,1,1,1,1,1,1,0,1,1,1,1,1,1,0,1,1,1,1,1,1,0,1,1,1,1,1,1,0,1,1,1,1,1,1,0,0,01月01日，01月02日，01月03日，12月29日，12月30日，12月31日,44,,,,,,,44
2.61E+12,医療法人財団　　医道会　十条武田リハビリテーション病院,イリョウホウジンザイダンイドウカイ　ジュウジョウタケダリハビリテーションビョウイン,,,1,26,107,京都府京都市南区吉祥院八反田町３２番地,34.973704,135.741019,http://www.takedahp.or.jp/jujo/index.php,1,1,1,1,1,1,0,1,1,1,1,1,1,0,1,1,1,1,1,1,0,1,1,1,1,1,1,0,1,1,1,1,1,1,0,1,1,1,1,1,1,0,0,01月01日，01月02日，01月03日，12月30日，12月31日,181,,,,,,,181
2.61E+12,医療法人財団今井会足立病院　　　第二足立病院,イリョウホウジンザイダンイマイカイアダチビョウイン　ダイニアダチビョウイン,,ダイニアダチビョウイン,1,26,107,京都府京都市南区四ツ塚町１番地,34.979565,135.746046,www.dainiadachi.or.jp,1,1,1,1,1,1,0,1,1,1,1,1,1,0,1,1,1,1,1,1,0,1,1,1,1,1,1,0,1,1,1,1,1,1,0,1,1,1,1,1,1,0,0,01月01日，01月02日，01月03日，01月04日，08月16日，12月30日，12月31日,30,,,,,,,30
2.61E+12,京都第一赤十字病院,キョウトダイイチセキジュウジビョウイン,,,1,26,105,京都府京都市東山区本町　１５丁目　７４９番地,34.980954,135.773127,https://www.kyoto1.jrc.or.jp/,1,1,1,1,1,0,0,,,,,,,,,,,,,,,,,,,,,,,,,,,,,,,,,,,,0,01月01日，01月02日，01月03日，05月01日，11月20日，12月29日，12月30日，12月31日,600,,,,,2,,602
2.61E+12,医療法人　原田病院,イリョウホウジン　ハラダビョウイン,,,1,26,105,京都府京都市東山区大和大路通七条西入西之門町５４６－２,34.988592,135.770654,https://harada-hp.com/,1,1,1,1,1,1,0,1,1,1,1,1,1,1,1,1,1,1,1,1,1,1,1,1,1,1,1,1,1,1,1,1,1,1,1,1,1,1,1,1,1,1,0,01月01日，01月02日，01月03日，12月29日，12月30日，12月31日，ＧＷ,50,,,,,,,50
2.61E+12,医療法人社団育生会　京都久野病院,イリョウホウジンシャダンイクセイカイ　キョウトクノビョウイン,,,1,26,105,京都府京都市東山区本町２２丁目５００番地,34.970733,135.770516,https://www.kuno-hospital.or.jp/,1,1,1,1,1,1,0,1,1,1,1,1,1,1,1,1,1,1,1,1,1,1,1,1,1,1,1,1,1,1,1,1,1,1,1,1,1,1,1,1,1,1,0,01月01日，01月02日，01月03日，12月31日,120,115,,,,,,235
2.61E+12,医療法人愛友会　明石病院,イリョウホウジンアイユウカイ　アカシビョウイン,,,1,26,106,京都府京都市下京区西七条南衣田町９３番地,34.988619,135.732741,http://www.iyukai.or.jp/,1,1,1,1,1,1,0,1,1,1,1,1,1,0,1,1,1,1,1,1,0,1,1,1,1,1,1,0,1,1,1,1,1,1,0,1,1,1,1,1,1,0,0,01月01日，01月02日，01月03日，12月31日,38,82,,,,,,120
2.61E+12,医療法人社団恵心会　京都武田病院,イリョウホウジンシャダンケイシンカイ　キョウトタケダビョウイン,,,1,26,106,京都府京都市下京区西七条南衣田町１１,34.988592,135.731046,www.kyototakeda.jp,1,1,1,1,1,1,0,1,1,1,1,1,1,0,1,1,1,1,1,1,0,1,1,1,1,1,1,0,1,1,1,1,1,1,0,1,1,1,1,1,1,0,0,01月01日，01月02日，01月03日，12月30日，12月31日,240,,,,,,,240
2.61E+12,武田病院,タケダビョウイン,,,1,26,106,京都府京都市下京区塩小路通西洞院東入東塩小路町８４１－５,34.986898,135.755878,http://www.takedahp.or.jp/koseikai/,1,1,1,1,1,1,0,1,1,1,1,1,1,0,1,1,1,1,1,1,0,1,1,1,1,1,1,0,1,1,1,1,1,1,0,1,1,1,1,1,1,0,0,01月01日，01月02日，01月03日，12月30日，12月31日他,374,,,,,,,374
2.61E+12,医療法人回生会　　京都回生病院,イリョウホウジンカイセイカイ　　キョウトカイセイビョウイン,カイセイビョウイン,キョウトカイセイビョウイン,1,26,106,京都府京都市下京区中堂寺　庄ノ内町　８番地の１,34.998174,135.738712,http://www.kaiseikai.or.jp/,1,1,1,1,1,1,0,1,1,1,1,1,1,0,1,1,1,1,1,1,0,1,1,1,1,1,1,0,1,1,1,1,1,1,0,1,1,1,1,1,1,0,0,01月01日，01月02日，01月03日，12月30日，12月31日,116,59,59,,,,,175
2.61E+12,医療法人財団今井会足立病院　足立病院,イリョウホウジンザイダンイマイカイアダチビョウイン　アダチビョウイン,足立病院,アダチビョウイン,1,26,104,京都府京都市中京区間之町通押小路上る鍵屋町４８１,35.01259,135.761265,http://www.adachi-hospital.com/,1,1,1,1,1,1,0,1,1,1,1,1,1,0,1,1,1,1,1,1,0,1,1,1,1,1,1,0,1,1,1,1,1,1,0,1,1,1,1,1,1,0,0,01月01日，01月02日，01月03日，12月31日,51,,,,,,,
2.61E+12,公益社団法人京都保健会　京都民医連中央病院,コウエキシャダンホウジン　キョウトホケンカイ　キョウトミンイレンチュウオウビョウイン,京都民医連中央病院,キョウトミンイレンチュウオウビョウイン,1,26,108,京都府京都市右京区太秦土本町２番１,35.008561,135.706075,http://kyoto-min-iren-c-hp.jp/,1,1,1,1,1,0,0,1,1,1,1,1,1,1,1,1,1,1,1,1,1,1,1,1,1,1,1,1,1,1,1,1,1,1,1,1,1,1,1,1,1,1,0,01月01日，01月02日，01月03日，12月29日，12月30日，12月31日,359,52,52,0,0,0,0,411
2.61E+12,地方独立行政法人京都市立病院機構　京都市立病院,チホウドクリツギョウセイホウジンキョウトシリツビョウインキコウ　キョウトシリツビョウイン,,,1,26,104,京都府京都市中京区壬生東高田町１－２,34.996702,135.734962,http://www.kch-org.jp/,1,1,1,1,1,0,0,1,1,1,1,1,1,1,1,1,1,1,1,1,1,1,1,1,1,1,1,1,1,1,1,1,1,1,1,1,1,1,1,1,1,1,0,01月02日，01月03日，12月29日，12月30日，12月31日,528,,,,,12,8,
2.61E+12,医療法人社団洛和会　洛和会丸太町病院,イリョウホウジンシャダンラクワカイ　ラクワカイマルタマチビョウイン,,,1,26,104,京都府京都市中京区聚楽廻松下町９番７,35.018866,135.739017,http://www.rakuwa.or.jp/maruta/,1,1,1,1,1,1,0,,,,,,,,,,,,,,,,,,,,,,,,,,,,,,,,,,,,0,01月01日，01月02日，01月03日，12月30日，12月31日,150,,,,,,,150
2.61E+12,医療法人　毛利病院,イリョウホウジン　モウリビョウイン,,,1,26,104,京都府京都市中京区東堀川通御池上ル押堀町４４番地の１,35.011367,135.752238,,1,1,1,1,1,1,0,1,1,1,1,1,1,0,1,1,1,1,1,1,0,1,1,1,1,1,1,0,1,1,1,1,1,1,0,1,1,1,1,1,1,0,0,01月01日，01月02日，01月03日，05月03日，05月04日，05月05日，12月30日，12月31日,60,,,,,,,60
2.61E+12,山元病院,ヤマモトビョウイン,,,1,26,104,京都府京都市中京区岩上通り蛸薬師下る宮本町７９５,35.005646,135.751322,http://www.yamamoto-hospital.gr.jp/,1,1,1,1,1,1,0,,,,,,,,,,,,,,,,,,,,,,,,,,,,,,,,,,,,0,01月01日，01月02日，01月03日，12月31日,35,,,,,,,35
2.61E+12,医療法人新生十全会京都ならびがおか病院,イリョウホウジンシンセイジュウゼンカイキョウトナラビガオカビョウイン,,,1,26,108,京都府京都市右京区常盤古御所町２番地,35.019643,135.71238,http://www.juzenkai.or.jp/narabigaoka,1,1,1,1,1,1,0,1,1,1,1,1,1,,1,1,1,1,1,1,,1,1,1,1,1,1,,1,1,1,1,1,1,,1,1,1,1,1,1,,0,01月01日，01月02日，01月03日，12月31日,,48,,,329,,,377
2.61E+12,医療法人淳宰晃会　嵯峨さくら病院,イリョウホウジンジュンサイコウカイ　サガサクラビョウイン,嵯峨さくら病院,サガサクラビョウイン,1,26,108,京都府京都市右京区嵯峨二尊院門前北中院町　２－９,35.024031,135.672855,https://saga-sakurahospital.com/,0,1,0,0,1,0,0,,,,,,,,,,,,,,,,,,,,,,,,,,,,,,,,,,,,0,01月01日，01月02日，01月03日，12月31日,,,,,165,,,165
2.61E+12,医療法人社団　松仁会　内田病院,イリョウホウジンシャダン　ショウジンカイ　ウチダビョウイン,,,1,26,108,京都府京都市右京区梅津大縄場町６－９,35.001728,135.690938,uchida-hospital.com,1,1,1,1,1,1,0,1,1,1,1,1,1,0,1,1,1,1,1,1,0,1,1,1,1,1,1,0,1,1,1,1,1,1,0,1,1,1,1,1,1,0,0,01月01日，01月02日，01月03日，08月16日，12月31日,63,,,,,,,63
2.61E+12,一般財団法人　仁風会　嵯峨野病院,イッパンザイダンホウジン　ジンプウカイ　サガノビョウイン,,,1,26,108,京都府京都市右京区鳴滝宇多野谷９番地,35.031587,135.705908,http://www.jinpukai.or.jp/,1,1,1,1,1,1,0,1,1,1,1,1,1,1,1,1,1,1,1,1,1,1,1,1,1,1,1,1,1,1,1,1,1,1,1,1,1,1,1,1,1,1,0,01月01日，01月02日，01月03日，12月30日，12月31日,,60,60,,,,,60
2.61E+12,独立行政法人国立病院機構宇多野病院,ドクリツギョウセイホウジンコクリツビョウインキコウウタノビョウイン,,,1,26,108,京都府京都市右京区鳴滝音戸山町８,35.028781,135.702686,https://utano.hosp.go.jp/,1,1,1,1,1,0,0,1,1,1,1,1,1,1,1,1,1,1,1,1,1,1,1,1,1,1,1,1,1,1,1,1,1,1,1,1,1,1,1,1,1,1,0,01月01日，01月02日，01月03日，12月29日，12月30日，12月31日,380,0,0,0,0,0,0,380
2.61E+12,一般財団法人　高雄病院,イッパンザイダンホウジン　タカオビョウイン,,,1,26,108,京都府京都市右京区梅ケ畑畑町３,35.037141,135.694353,http://takao-hospital.jp/,1,1,1,1,1,1,0,1,1,1,1,1,1,0,1,1,1,1,1,1,0,1,1,1,1,1,1,0,1,1,1,1,1,1,0,1,1,1,1,1,0,0,0,5月3日，5月4日，5月5日（改行）12月30日，12月31日，01月01日，01月02日，01月03日,60,,,,,,,60
2.61E+12,医療法人　社団　恵仁会　なぎ辻病院,イリョウホウジン　シャダン　ケイジンカイ　ナギツジビョウイン,,,1,26,110,京都府京都市山科区椥辻東潰５番１,34.971476,135.813811,http://www.nagitsuji-hp.jp/,1,1,1,1,1,1,0,1,1,1,1,1,1,0,1,1,1,1,1,1,0,1,1,1,1,1,1,0,1,1,1,1,1,1,0,1,1,1,1,1,1,0,0,01月01日，01月02日，01月03日，08月15日，08月16日，12月31日,169,,,,,,,169
2.61E+12,加藤山科病院,カトウヤマシナビョウイン,,,1,26,110,京都府京都市山科区東野北井ノ上町２－２,34.982399,135.81704,https://www.kato-y-hosp.jp/,1,1,1,0,1,1,1,1,1,1,0,1,1,1,1,1,1,0,1,1,1,1,1,1,0,1,1,1,1,1,1,0,1,1,1,1,1,1,0,1,1,1,0,01月01日，01月02日，01月03日，01月04日，08月12日，08月13日，08月14日，08月15日，08月16日，12月31日,,56,56,,,,,56
2.61E+12,医療法人社団洛和会　洛和会音羽リハビリテーション病院,イリョウホウジンシャダンラクワカイ　ラクワカイオトワリハビリテーションビョウイン,,,1,26,110,京都府京都市山科区小山北溝町３２－１,34.985705,135.830455,http://www.rakuwa.or.jp/,1,1,1,1,1,1,0,1,1,1,1,1,1,1,1,1,1,1,1,1,1,1,1,1,1,1,1,1,1,1,1,1,1,1,1,1,1,1,1,1,1,1,0,01月01日，01月02日，01月03日，12月30日，12月31日,37,149,,,,,,186
2.61E+12,医療法人社団洛和会　洛和会音羽病院,イリョウホウジンシャダンラクワカイ　ラクワカイオトワビョウイン,,,1,26,110,京都府京都市山科区音羽珍事町２番地,34.987816,135.829649,https://rakuwa-otowa.jp/,1,1,1,1,1,0,0,1,1,1,1,1,1,1,1,1,1,1,1,1,1,1,1,1,1,1,1,1,1,1,1,1,1,1,1,1,1,1,1,1,1,1,0,01月01日，01月02日，01月03日，12月30日，12月31日,475,0,,0,60,0,0,535
2.61E+12,独立行政法人国立病院機構京都医療センター,ドクリツギョウセイホウジンコクリツビョウインキコウキョウトイリョウセンター,,,1,26,109,京都府京都市伏見区深草向畑町１－１,34.953791,135.774322,https://kyoto.hosp.go.jp/,1,1,1,1,1,0,0,1,1,1,1,1,1,1,1,1,1,1,1,1,1,1,1,1,1,1,1,1,1,1,1,1,1,1,1,1,1,1,1,1,1,1,0,01月01日，01月02日，01月03日，12月29日，12月30日，12月31日,600,,,,,,,600
2.61E+12,京都市桃陽病院,キョウトシトウヨウビョウイン,,,1,26,109,京都府京都市伏見区深草大亀谷岩山町４８－１,34.942681,135.78846,http://www.city.kyoto.lg.jp/hokenfukushi/soshiki/8-5-7-0-0_1.html,1,1,1,1,1,0,0,1,1,1,1,1,1,1,1,1,1,1,1,1,1,1,1,1,1,1,1,1,1,1,1,1,1,1,1,1,1,1,1,1,1,1,0,01月02日，01月03日，12月29日，12月30日，12月31日,80,,,,,20,,100
2.61E+12,特定医療法人　桃仁会病院,トクテイイリョウホウジン　トウジンカイ　ビョウイン,,,1,26,109,京都府京都市伏見区桃山町　伊賀　８３番　１,34.930571,135.779212,http://www.tojinkai.jp/,1,1,1,1,1,1,0,1,1,1,1,1,1,0,1,1,1,1,1,1,0,1,1,1,1,1,1,0,1,1,1,1,1,1,0,1,1,1,1,1,1,0,0,01月01日，01月02日，01月03日、8月14日、8月15日、8月16日、12月29日、12月30日、12月31日,43,,,,,,,43
2.61E+12,社会福祉法人浩照会　伏見桃山総合病院,シャカイフクシホウジンコウショウカイ　フシミモモヤマソウゴウビョウイン,,,1,26,109,京都府京都市伏見区下油掛町８９５,34.931959,135.758936,https://koshokai-swc.or.jp/hospital/,1,1,1,1,1,1,0,1,1,1,1,1,1,0,1,1,1,1,1,1,0,1,1,1,1,1,1,0,1,1,1,1,1,1,0,1,1,1,1,1,1,0,0,01月01日，01月02日，01月03日，12月31日,199,,,,,,,199
2.61E+12,社会医療法人　弘仁会　　大島病院,シャカイイリョウホウジン　コウジンカイ　オオシマビョウイン,大島病院,オオシマビョウイン,1,26,109,京都府京都市伏見区桃山町泰長老１１５,34.929432,135.771546,http://www.oshima.or.jp/,1,1,1,1,1,1,0,1,1,1,1,1,1,0,1,1,1,1,1,1,0,1,1,1,1,1,1,0,1,1,1,1,1,1,0,1,1,1,1,1,1,0,0,01月01日，01月02日，01月03日，12月31日,168,0,,0,0,0,0,168
2.61E+12,医療法人社団淀さんせん会　金井病院,イリョウホウジンシャダンヨドサンセンカイ　カナイビョウイン,,,1,26,109,京都府京都市伏見区淀木津町６１２－１２,34.903906,135.715468,http://www.kanaihospital.jp/,1,1,1,1,1,1,0,1,1,1,1,1,1,0,1,1,1,1,1,1,0,1,1,1,1,1,1,0,1,1,1,1,1,1,0,1,1,1,1,1,1,0,0,01月01日，01月02日，01月03日，01月04日，12月30日，12月31日,128,,,,,,,128
2.61E+12,一般財団法人　仁風会　京都南西病院,イッパンプウカイ　キョウトナンセイビョウイン,,,1,26,109,京都府京都市伏見区久我東町８番地２２,34.934208,135.727216,https://www.jinpukai.or.jp/,1,1,1,1,1,1,0,1,1,1,1,1,1,0,1,1,1,1,1,1,0,1,1,1,1,1,1,0,1,1,1,1,1,1,0,1,1,1,1,1,1,0,0,01月01日，01月02日，01月03日，12月30日，12月31日,,76,76,,,,,76
2.61E+12,医療法人　桜花会　醍醐病院,イリョウホウジン　オウカカイ　ダイゴビョウイン,,,1,26,109,京都府京都市伏見区石田大山町７２番地,34.935682,135.805876,http://www.daigo-hp.or.jp/,1,1,1,1,1,1,0,1,1,1,1,1,1,1,1,1,1,1,1,1,1,1,1,1,1,1,1,1,1,1,1,1,1,1,1,1,1,1,1,1,1,1,0,01月01日，01月02日，01月03日，08月14日，08月15日，08月16日，12月30日，12月31日,,,,,301,,,
2.61E+12,医療法人　松寿会　共和病院,イリョウホウジン　ショウジュカイ　キョウワビョウイン,,キョウワビョウイン,1,26,109,京都府京都市伏見区醍醐川久保町３０番地,34.955319,135.81143,https://kyowa-hp.jp/,1,1,1,1,1,1,0,1,1,1,1,1,1,0,1,1,1,1,1,1,0,1,1,1,1,1,1,0,1,1,1,1,1,1,0,1,1,1,1,1,1,0,0,01月01日，01月02日，01月03日，12月30日，12月31日,110,,,,,,,110
2.61E+12,医療法人　医仁会武田総合病院,イリョウホウジン　イジンカイタケダソウゴウビョウイン,,,1,26,109,京都府京都市伏見区石田森南町２８－１,34.938876,135.802404,https://www.takedahp.or.jp/ijinkai/,1,1,1,1,1,1,0,1,1,1,1,1,1,0,1,1,1,1,1,1,0,1,1,1,1,1,1,0,1,1,1,1,1,1,0,1,1,1,1,1,1,0,0,01月01日，01月02日，01月03日，05月03日，05月04日，05月05日，12月30日，12月31日,490,,,,,,,490
2.61E+12,医療法人財団　医道会　稲荷山武田病院,イリョウホウジンザイダン　イドウカイ　イナリヤマタケダビョウイン,,,1,26,109,京都府京都市伏見区深草正覚町２７,34.973622,135.772544,http://www.takedahp.or.jp/,1,1,1,1,1,0,0,,,,,,,,,,,,,,,,,,,,,,,,,,,,,,,,,,,,0,01月01日，01月02日，01月03日，12月30日，12月31日,35,,,,,,,35
2.61E+12,日本バプテスト病院,ニホンバプテストビョウイン,,,1,26,103,京都府京都市左京区北白川山ノ元町４７番地,35.033671,135.795678,http://www.jbh.or.jp/,1,1,1,1,1,1,0,1,1,1,1,1,1,0,1,1,1,1,1,1,0,1,1,1,1,1,1,0,1,1,1,1,1,1,0,1,1,1,1,1,1,0,0,01月01日，01月02日，01月03日，12月29日，12月30日，12月31日,167,,,,,,,167
2.61E+12,医療法人社団貴順会　吉川病院,イリョウホウジンシャダンキジュンカイ　ヨシカワビョウイン,,,1,26,103,京都府京都市左京区聖護院山王町１番地,35.018061,135.77943,http://www.yoshikawahp.com/,1,1,1,1,1,1,0,1,1,1,1,1,1,1,1,1,1,1,1,1,1,1,1,1,1,1,1,1,1,1,1,1,1,1,1,1,1,1,1,1,1,1,0,01月01日，01月02日，01月03日，08月16日，12月30日，12月31日,52,,,,,,,
2.61E+12,医療法人　三幸会　第二北山病院,イリョウホウジン　サンコウカイ　ダイニキタヤマビョウイン,,,1,26,103,京都府京都市左京区岩倉上蔵町１６１番地,35.080666,135.783649,http://www.sankokai.jp/,1,1,1,1,1,1,0,1,1,1,1,1,1,0,1,1,1,1,1,1,0,1,1,1,1,1,1,0,1,1,1,1,1,1,0,1,1,1,1,1,1,0,0,01月01日，01月02日，01月03日，12月29日，12月30日，12月31日,,,,,324,,,324
2.61E+12,医療法人　三幸会　　北山病院,イリョウホウジン　サンコウカイ　キタヤマビョウイン,,,1,26,103,京都府京都市左京区岩倉上蔵町１２３番地,35.079833,135.781121,https://www.sankokai.jp/,1,1,1,1,1,1,0,1,1,1,1,1,1,0,1,1,1,1,1,1,0,1,1,1,1,1,1,0,1,1,1,1,1,1,0,1,1,1,1,1,1,0,0,01月01日，01月02日，01月03日，12月29日，12月30日，12月31日,,,,,448,,,448
2.61E+12,京都大学医学部附属病院,キョウトダイガクイガクブフゾクビョウイン,,,1,26,103,京都府京都市左京区聖護院川原町５４,35.02045,135.777208,http://www.kuhp.kyoto-u.ac.jp/,1,1,1,1,1,0,0,,,,,,,,,,,,,,,,,,,,,,,,,,,,,,,,,,,,0,01月01日，01月02日，01月03日，06月18日，12月29日，12月30日，12月31日,1066,0,,0,60,5,0,1131
2.61E+12,医療法人　稲門会　いわくら病院,イリョウホウジン　トウモンカイ　イワクラビョウイン,,,1,26,103,京都府京都市左京区岩倉上蔵町１０１,35.078388,135.781955,http://www.toumonkai.net/,1,1,1,1,1,1,0,1,1,1,1,1,1,1,1,1,1,1,1,1,1,1,1,1,1,1,1,1,1,1,1,1,1,1,1,1,1,1,1,1,1,1,0,01月01日，01月02日，01月03日，01月04日，12月30日，12月31日,,60,,60,378,,,438
2.61E+12,医療法人社団順和会　京都下鴨病院,イリョウホウジンシャダンジュンワカイ　キョウトシモガモビョウイン,,,1,26,103,京都府京都市左京区下鴨東森ケ前町１７番地,35.042753,135.778346,http://www.shimogamo.jp/,1,1,1,1,1,1,0,1,1,1,1,1,1,1,1,1,1,1,1,1,1,1,1,1,1,1,1,1,1,1,1,1,1,1,1,1,1,1,1,1,1,1,0,01月01日，01月02日，01月03日，12月30日，12月31日,52,0,,0,0,0,0,
2.61E+12,一般財団法人　川越病院,イッパンザイダンホウジン　カワゴエビョウイン,,,1,26,103,京都府京都市左京区浄土寺馬場町４８番地,35.024228,135.793067,http://business2.plala.or.jp/kawagoe,1,1,1,1,1,1,0,1,1,1,1,1,1,1,1,1,1,1,1,1,1,1,1,1,1,1,1,1,1,1,1,1,1,1,1,1,1,1,1,1,1,1,0,8月16日,,,,,162,,,
2.61E+12,精華町国民健康保険病院,セイカチョウコクミンケンコウホケンビョウイン,,,1,26,366,京都府相楽郡精華町大字祝園小字砂子田７番地,34.759145,135.793746,http://www.takedahp.or.jp/,1,1,1,1,1,1,0,1,1,1,1,1,1,0,1,1,1,1,1,1,0,1,1,1,1,1,1,0,1,1,1,1,1,1,0,1,1,1,1,1,1,0,0,01月01日，01月02日，01月03日，12月30日，12月31日,50,,,,,,,50
2.61E+12,京都山城総合医療センター,キョウトヤマシロソウゴウイリョウセンター,,,1,26,214,京都府木津川市木津駅前一丁目２７番地,34.735676,135.824078,http://www.yamashiro-hp.jp/,1,1,1,1,1,0,0,,,,,,,,,,,,,,,,,,,,,,,,,,,,,,,,,,,,0,01月01日，01月02日，01月03日，12月29日，12月30日，12月31日,345,,,,,,10,355
2.61E+12,医療法人　社団　医聖会　　学研都市病院,イリョウホウジン　シャダン　イセイカイ　ガッケントシビョウイン,,,1,26,366,京都府相楽郡精華町精華台７－４－１,34.74934,135.78672,http://www.iseikai.jp/gakkentoshi/,1,1,1,1,1,1,0,1,1,1,1,1,1,1,1,1,1,1,1,1,1,1,1,1,1,1,1,1,1,1,1,1,1,1,1,1,1,1,1,1,1,1,0,01月01日，01月02日，01月03日，12月31日,237,50,,0,0,0,0,
2.61E+12,医療法人　社団　一心会　都倉病院,イリョウホウジン　シャダン　イッシンカイ　トクラビョウイン,,,1,26,204,京都府宇治市宇治山本２７,34.895409,135.81135,https://tokura.life/,1,1,1,1,1,1,0,1,1,1,1,1,1,1,1,1,1,1,1,1,1,1,1,1,1,1,1,1,1,1,1,1,1,1,1,1,1,1,1,1,1,1,0,01月02日，01月03日，12月30日，12月31日,35,20,,0,0,0,0,
2.61E+12,医療法人長安会　中村病院,イリョウホウジン　チョウアンカイ　ナカムラビョウイン,,,1,26,204,京都府宇治市大久保町平盛９１番地８,34.870271,135.76491,,1,1,1,1,1,1,0,1,1,1,1,1,1,1,1,1,1,1,1,1,1,1,1,1,1,1,1,1,1,1,1,1,1,1,1,1,1,1,1,1,1,1,0,01月01日，01月02日，01月03日，12月30日，12月31日,,103,103,,,,,103
2.61E+12,医療法人　芳松会　田辺病院,イリョウホウジン　ホウショウカイ　タナベビョウイン,,,1,26,211,京都府京田辺市飯岡南原５５番地,34.804085,135.794411,http://www.kyotanabe-hosp.or.jp/,1,1,1,1,1,1,0,1,1,1,1,1,1,0,1,1,1,1,1,1,0,1,1,1,1,1,1,0,1,1,1,1,1,1,0,1,1,1,1,1,1,0,0,01月01日，01月02日，01月03日，12月30日，12月31日,0,109,,0,182,0,0,291
2.61E+12,京都府立洛南病院,キョウトフリツラクナンビョウイン,,,1,26,204,京都府宇治市五ケ庄広岡谷２番地,34.915684,135.809043,https://www.rakunan-hosp.jp/,1,1,1,1,1,0,0,1,1,1,1,1,1,1,1,1,1,1,1,1,1,1,1,1,1,1,1,1,1,1,1,1,1,1,1,1,1,1,1,1,1,1,0,01月01日，01月02日，01月03日，12月29日，12月30日，12月31日,,,,,256,,,256
2.61E+12,医療法人徳洲会　宇治徳洲会病院,イリョウホウジントクシュウカイ　ウジトクシュウカイビョウイン,,,1,26,204,京都府宇治市槇島町石橋１４５番,34.903352,135.787212,http://www.ujitoku.or.jp/,1,1,1,1,1,1,0,1,1,1,1,1,1,1,1,1,1,1,1,1,1,1,1,1,1,1,1,1,1,1,1,1,1,1,1,1,1,1,1,1,1,1,0,01月01日，01月02日，01月03日，12月31日,473,,,,,,,
2.61E+12,医療法人栄仁会宇治おうばく病院,イリョウホウジンエイジンカイウジオウバクビョウイン,,,1,26,204,京都府宇治市五ケ庄三番割３２－１,34.912851,135.811543,http://www.eijinkai.or.jp/,1,1,1,1,1,1,0,1,1,1,1,1,1,0,1,1,1,1,1,1,0,1,1,1,1,1,1,0,1,1,1,1,1,1,0,1,1,1,1,1,1,0,0,01月01日，01月02日，01月03日，12月29日，12月30日，12月31日,0,58,58,0,395,0,0,453
2.61E+12,医療法人社団医聖会　京都八幡病院,イリョウホウジンシャダンイセイカイ　キョウトヤワタビョウイン,京都八幡病院,キョウトヤワタビョウイン,1,26,210,京都府八幡市川口別所６１,34.874854,135.717025,http://iseikai.jp/kyotoyawata/index.html,1,1,1,1,1,1,0,1,1,1,1,1,1,0,1,1,1,1,1,1,0,1,1,1,1,1,1,0,1,1,1,1,1,1,0,1,1,1,1,1,1,0,0,01月01日，01月02日，01月03日，12月31日,96,60,,,,,,156
2.61E+12,社会福祉法人　あじろぎ会　宇治病院,シャカイフクシホウジン　アジロギカイ　ウジビョウイン,,,1,26,204,京都府宇治市五ケ庄芝ノ東５４－２,34.917295,135.802433,http://uji-hosp.or.jp/,1,1,1,1,1,0,0,1,1,1,1,1,1,1,1,1,1,1,1,1,1,1,1,1,1,1,1,1,1,1,1,1,1,1,1,1,1,1,1,1,1,1,0,01月01日，01月02日，01月03日，12月30日，12月31日,141,112,,,,,,253
2.61E+12,医療法人　啓信会　京都きづ川病院,イリョウホウジン　ケイシンカイ　キョウトキヅガワビョウイン,,,1,26,207,京都府城陽市平川　西六反　２６－１,34.865328,135.76105,http://www.kyoto-keishinkai.or.jp/,1,1,1,1,1,1,0,1,1,1,1,1,1,1,1,1,1,1,1,1,1,1,1,1,1,1,1,1,1,1,1,1,1,1,1,1,1,1,1,1,1,1,0,01月01日，01月02日，01月03日，12月30日，12月31日,307,0,0,0,0,0,6,313
2.61E+12,京都岡本記念病院,キョウトオカモトキネンビョウイン,,,1,26,322,京都府久世郡久御山町佐山西ノ口１００番地,34.874021,135.747245,http://www.okamoto-hp.or.jp/,1,1,1,1,1,1,0,1,1,1,1,1,1,0,1,1,1,1,1,1,0,1,1,1,1,1,1,0,1,1,1,1,1,1,0,1,1,1,1,1,1,0,0,01月01日，01月02日，01月03日，12月30日，12月31日,419,,,,,,,
2.61E+12,京都府立心身障害者福祉センター　附属リハビリテーション病院,キョウトフリツシンシンショウガイシャフクシセンター　フゾクリハビリテーションビョウイン,,,1,26,207,京都府城陽市中芦原,34.832665,135.817435,http://www.ksj.or.jp/lihahosp/,1,1,1,1,1,0,0,1,1,1,1,1,1,1,1,1,1,1,1,1,1,1,1,1,1,1,1,1,1,1,1,1,1,1,1,1,1,1,1,1,1,1,0,01月01日，01月02日，01月03日，12月29日，12月30日，12月31日,25,,,,,,,
2.61E+12,宇治武田病院,ウジタケダビョウイン,,,1,26,204,京都府宇治市宇治里尻３６－２６,34.892298,135.801573,http://www.takedahp.or.jp/,1,1,1,1,1,1,0,1,1,1,1,1,1,1,1,1,1,1,1,1,1,1,1,1,1,1,1,1,1,1,1,1,1,1,1,1,1,1,1,1,1,1,0,01月01日，01月02日，01月03日，12月30日，12月31日,177,,,,,,,
2.61E+12,医療法人社団石鎚会　京都田辺記念病院,イリョウホウジンシャダンセキテツカイ　キョウトタナベキネンビョウイン,,,1,26,211,京都府京田辺市田辺戸絶１番地,34.826748,135.771856,http://www.sekitetsukai.or.jp/,,,,,,,,,,,,,,,,,,,,,,,,,,,,,,,,,,,,,,,,,,,,01月01日，01月02日，01月03日，12月31日,120,,,,,,,120
2.61E+12,医療法人　八仁会　久御山南病院,イリョウホウジン　ハチジンカイ　クミヤマミナミビョウイン,,,1,26,322,京都府久世郡久御山町坊之池坊村中２８,34.890963,135.731884,http://www.kumiyama-minamihp.or.jp/,1,1,1,1,1,1,0,1,1,1,1,1,1,1,1,1,1,1,1,1,1,1,1,1,1,1,1,1,1,1,1,1,1,1,1,1,1,1,1,1,1,1,0,01月01日，01月02日，01月03日，08月15日，08月16日，12月30日，12月31日,60,,,,,,,60
2.61E+12,医療法人　社団　医聖会　八幡中央病院,イリョウホウジン　シャダン　イセイカイ　ヤワタチュウオウビョウイン,,,1,26,210,京都府八幡市八幡五反田３９－１,34.871104,135.706748,http://www.iseikai.jp/,1,1,1,1,1,1,0,1,1,1,1,1,1,1,1,1,1,1,1,1,1,1,1,1,1,1,1,1,1,1,1,1,1,1,1,1,1,1,1,1,1,1,0,01月01日，01月02日，01月03日，12月31日,150,,,,,,,150
2.61E+12,医療法人社団　石鎚会　京都田辺中央病院,イリョウホウジンシャダン　セキテツカイ　キョウトタナベチュウオウビョウイン,,,1,26,211,京都府京田辺市田辺中央６丁目１番地６,34.822166,135.771745,http://www.sekitetsukai.or.jp/,1,1,1,1,1,1,0,1,1,1,1,1,1,1,1,1,1,1,1,1,1,1,1,1,1,1,1,1,1,1,1,1,1,1,1,1,1,1,1,1,1,1,0,01月01日，01月02日，01月03日，12月31日,199,,,,,,,199
2.61E+12,社会医療法人　美杉会　男山病院,シャカイイリョウホウジン　ミスギカイ　オトコヤマビョウイン,,,1,26,210,京都府八幡市男山泉１９,34.861382,135.693639,http://www.misugikai.jp/otokoyama/index.html,1,1,1,1,1,1,0,1,1,1,1,1,1,1,1,1,1,1,1,1,1,1,1,1,1,1,1,1,1,1,1,1,1,1,1,1,1,1,1,1,1,1,0,01月01日，01月02日，01月03日，12月31日,199,,,,,,,
2.61E+12,独立行政法人　国立病院機構　南京都病院,ドクリツギョウセイホウジン　コクリツビョウインキコウ,,,1,26,207,京都府城陽市中芦原１１番地,34.831249,135.814075,https://minamikyoto.hosp.go.jp/,1,1,1,1,1,0,0,1,1,1,1,1,1,1,1,1,1,1,1,1,1,1,1,1,1,1,1,1,1,1,1,1,1,1,1,1,1,1,1,1,1,1,0,01月01日，01月02日，01月03日，12月29日，12月30日，12月31日,300,,,,,35,,
2.61E+12,医療法人せいふう会　宇治リハビリテーション病院,イリョウホウジンセイフウカイ　ウジリハビリテーションビョウイン,,,1,26,204,京都府宇治市大久保町井ノ尻４３番１,34.873112,135.770432,https://www.uji-rh.jp/,1,1,1,1,1,0,0,1,1,1,1,1,0,0,1,1,1,1,1,0,0,1,1,1,1,1,0,0,1,1,1,1,1,0,0,1,1,1,1,1,0,0,0,12/30～1/3,88,0,0,0,0,0,0,88
2.61E+12,医療法人社団洛和会　洛和会音羽記念病院,イリョウホウジンシャダンラクワカイ　ラクワカイオトワキネンビョウイン,,,1,26,110,京都府京都市山科区小山鎮守町２９番１,34.988066,135.83351,http://www.rakuwa.or.jp/kinen/,1,1,1,1,1,1,0,1,1,1,1,1,1,0,1,1,1,1,1,1,0,1,1,1,1,1,1,0,1,1,1,1,1,1,0,1,1,1,1,1,1,0,1,01月01日，01月02日，01月03日，12月30日，12月31日,102,31,31,0,0,0,0,133
2.61E+12,社会医療法人美杉会　みのやま病院,シャカイイリョウホウジンミスギカイ　ミノヤマビョウイン,,,1,26,210,京都府八幡市欽明台北４－２,34.841385,135.716138,http://misugikai.jp/,1,1,1,1,1,1,0,1,1,1,1,1,1,1,1,1,1,1,1,1,1,1,1,1,1,1,1,1,1,1,1,1,1,1,1,1,1,1,1,1,1,1,0,01月01日，01月02日，01月03日，12月31日,70,,,,,,,
2.61E+12,医療法人社団洛和会　洛和会東寺南病院,イリョウホウジンシャダンラクワカイ　ラクワカイトウジミナミビョウイン,,,1,26,107,京都府京都市南区西九条南田町１,34.97626,135.747379,http://www.rakuwa.or.jp/tojiminami,1,1,1,1,1,0,0,1,1,1,1,1,0,0,1,1,1,1,1,0,0,1,1,1,1,1,0,0,1,1,1,1,1,0,0,1,1,1,1,1,0,0,0,01月01日，01月02日，01月03日，12月30日，12月31日,46,,,,,,,46
2.61E+12,医療法人清水会　京都リハビリテーション病院,イリョウホウジンシミズカイ　キョウトリハビリテーションビョウイン,,,1,26,109,京都府京都市伏見区深草越後屋敷町１７,34.949346,135.763907,https://ksmcs.jp/krh/access/,1,1,1,1,1,0,0,0,1,1,1,1,0,0,1,1,1,1,1,0,0,0,1,1,1,1,0,0,0,1,1,1,1,0,0,0,1,1,1,1,0,0,0,12月31日、1月1日、1月2日、1月3日、5月3日、5月4日、5月5日,64,,,,,,,64
2.61E+12,医療法人社団行陵会　京都近衛リハビリテーション病院,イリョウホウジンシャダンコウリョウカイ　キョウトコノエリハビリテーションビョウイン,,,1,26,103,京都府京都市左京区吉田近衛町２６番地,35.021311,135.778847,https://kyoto-konoe.jp/,1,1,1,1,1,0,0,1,1,1,1,1,0,0,1,1,1,1,1,0,0,1,1,1,1,1,0,0,1,1,1,1,1,0,0,1,1,1,1,1,0,0,0,,40,60,,,,,,100
2.61E+12,医療法人社団石鎚会　同志社山手病院,イリョウホウジンシャダンセキテツカイ　ドウシシャヤマテビョウイン,,,1,26,211,京都府京田辺市同志社山手二丁目２番,34.789903,135.776179,https://doushishayamate.sekitetsukai.kyoto/,1,1,1,1,1,1,0,1,1,1,1,1,1,0,1,1,1,1,1,1,0,1,1,1,1,1,1,0,1,1,1,1,1,1,0,1,1,1,1,1,1,0,0,01月01日，01月02日，01月03日，12月31日,50,,,,,,,50
2.61E+12,医療法人社団親和会　京都木原病院,イリョウホウジンシャダンシンワカイ　キョウトキハラビョウイン,,,1,26,107,京都府京都市南区西九条春日町５番地１,34.979751,135.755435,https://kyoto-shinwa.com/,1,1,1,1,1,1,0,1,1,1,1,1,1,0,1,1,1,1,1,0,0,1,1,1,1,1,1,0,1,1,1,1,1,1,0,1,1,1,1,1,0,0,0,01月01日，01月02日，01月03日，12月30日，12月31日,47,,,,,,,47
2.61E+12,医療法人知音会京都新町病院,イリョウホウジンチインカイキョウトシンマチビョウイン,,,1,26,104,京都府京都市中京区六角通新町西入西六角町１０９,35.00684,135.756127,https://www.kyoto-shinmachi-hp.jp/,1,1,1,1,1,0,0,1,1,1,1,1,0,0,1,1,1,1,1,0,0,1,1,1,1,1,0,0,1,1,1,1,1,0,0,1,1,1,1,1,0,0,0,01月01日，01月02日，01月03日，12月29日，12月30日，12月31日,90,0,0,0,0,0,0,90
